Borough,MajorText,2012,2013,2014,2015,2016,2017,2018,2019,2020
Aviation Security(SO18),Arson and Criminal Damage,80,67,82,71,68,58,54,68,51
Aviation Security(SO18),Burglary,6,15,15,14,14,26,20,32,9
Aviation Security(SO18),Drug Offences,102,93,56,80,80,77,62,78,49
Aviation Security(SO18),Historical Fraud and Forgery,96,9,0,0,0,0,0,0,0
Aviation Security(SO18),Miscellaneous Crimes Against Society,304,248,693,1017,1191,1337,1181,1221,488
Aviation Security(SO18),Possession of Weapons,166,127,267,21,21,32,29,35,16
Aviation Security(SO18),Public Order Offences,110,81,114,113,137,114,130,146,90
Aviation Security(SO18),Robbery,2,3,6,2,3,1,4,5,2
Aviation Security(SO18),Sexual Offences,34,26,17,23,26,27,45,49,24
Aviation Security(SO18),Theft,1730,1612,1562,1416,1365,1557,1460,1486,731
Aviation Security(SO18),Vehicle Offences,130,87,113,82,127,167,99,174,114
Aviation Security(SO18),Violence Against the Person,189,166,160,183,229,249,269,279,140
Barking and Dagenham,Arson and Criminal Damage,1912,1602,1618,1755,1890,1709,1450,1503,1436
Barking and Dagenham,Burglary,2690,2243,1910,1632,1294,1593,1672,1547,1333
Barking and Dagenham,Drug Offences,1295,1278,1064,1194,1151,786,939,1164,1796
Barking and Dagenham,Historical Fraud and Forgery,787,63,0,0,0,0,0,0,0
Barking and Dagenham,Miscellaneous Crimes Against Society,218,205,251,268,263,267,273,309,404
Barking and Dagenham,Possession of Weapons,117,78,69,93,156,166,203,162,218
Barking and Dagenham,Public Order Offences,662,613,781,952,944,1048,948,1168,1271
Barking and Dagenham,Robbery,867,539,499,573,552,878,825,1080,787
Barking and Dagenham,Sexual Offences,330,289,359,449,466,491,551,664,622
Barking and Dagenham,Theft,4205,3421,3301,3328,3473,3654,3299,3671,3403
Barking and Dagenham,Vehicle Offences,2870,2753,2000,1870,2249,2768,2595,2764,2526
Barking and Dagenham,Violence Against the Person,4395,3453,4378,5077,5339,5334,5554,6167,6965
Barnet,Arson and Criminal Damage,2274,1849,2042,2201,2145,2077,1926,2132,2068
Barnet,Burglary,5266,4274,3619,3855,3410,3548,3693,3624,3025
Barnet,Drug Offences,1154,1047,1034,821,931,800,710,875,1310
Barnet,Historical Fraud and Forgery,1518,150,0,0,0,0,0,0,0
Barnet,Miscellaneous Crimes Against Society,326,317,288,310,357,288,389,371,381
Barnet,Possession of Weapons,102,100,101,111,160,194,188,175,182
Barnet,Public Order Offences,948,743,1102,1330,1558,1730,1604,1805,1952
Barnet,Robbery,1259,800,562,622,469,646,756,1300,972
Barnet,Sexual Offences,393,351,404,444,541,644,635,559,592
Barnet,Theft,7328,5870,5663,5648,6321,6779,6465,6766,5513
Barnet,Vehicle Offences,4836,4086,3437,3596,3683,3960,5310,6635,5543
Barnet,Violence Against the Person,4584,3632,4784,5688,6152,6336,6622,7375,8050
Bexley,Arson and Criminal Damage,1832,1408,1412,1513,1620,1701,1526,1631,1568
Bexley,Burglary,1813,1793,1544,1084,1126,1330,1640,1761,1086
Bexley,Drug Offences,958,855,790,696,680,513,624,744,925
Bexley,Historical Fraud and Forgery,423,92,0,0,0,0,0,0,0
Bexley,Miscellaneous Crimes Against Society,214,167,167,299,231,244,213,252,271
Bexley,Possession of Weapons,83,57,53,67,85,118,107,130,134
Bexley,Public Order Offences,564,469,584,729,839,989,951,1158,1362
Bexley,Robbery,264,277,209,175,218,293,324,383,323
Bexley,Sexual Offences,240,206,273,291,389,412,390,384,402
Bexley,Theft,2942,2519,2488,2434,2679,3026,2870,2891,2414
Bexley,Vehicle Offences,2092,1713,1800,1735,1759,2058,2403,3439,2551
Bexley,Violence Against the Person,3320,2360,2886,3324,3809,4147,4338,5309,5770
Brent,Arson and Criminal Damage,2498,1987,2077,2049,2236,2206,2120,2124,2243
Brent,Burglary,4213,3092,2639,2708,2642,2906,3261,2686,2266
Brent,Drug Offences,3973,3512,3027,1886,2195,1728,1832,1805,2443
Brent,Historical Fraud and Forgery,1377,117,0,0,0,0,0,0,0
Brent,Miscellaneous Crimes Against Society,364,292,285,289,339,366,378,354,455
Brent,Possession of Weapons,194,180,169,198,258,295,291,282,278
Brent,Public Order Offences,1666,1206,1409,1514,1646,1734,1881,1888,2261
Brent,Robbery,1863,1175,888,903,940,1221,1459,1417,1068
Brent,Sexual Offences,482,358,469,512,581,686,688,659,648
Brent,Theft,6238,5039,5357,5503,5927,6266,6147,5788,5120
Brent,Vehicle Offences,3542,2772,2422,3014,3170,4067,4071,4716,4659
Brent,Violence Against the Person,6755,4961,6470,7055,7756,8296,8694,8764,9654
Bromley,Arson and Criminal Damage,2510,1964,2202,2203,2120,2195,2115,2017,1868
Bromley,Burglary,3710,3135,2694,2517,2214,2587,2596,2749,1873
Bromley,Drug Offences,1273,1069,1008,880,739,631,715,1159,1405
Bromley,Historical Fraud and Forgery,611,61,0,0,0,0,0,0,0
Bromley,Miscellaneous Crimes Against Society,320,202,251,261,316,333,281,300,405
Bromley,Possession of Weapons,121,99,98,98,103,222,210,151,197
Bromley,Public Order Offences,929,805,1148,1441,1408,1404,1513,1620,1770
Bromley,Robbery,693,578,393,362,368,629,454,507,540
Bromley,Sexual Offences,300,297,358,403,475,521,582,564,536
Bromley,Theft,5681,4962,5042,5046,5144,5053,5288,5347,4306
Bromley,Vehicle Offences,3388,2809,2486,2592,2491,3294,3498,4276,3942
Bromley,Violence Against the Person,4469,3507,4506,5297,5375,5923,5985,6530,6886
Camden,Arson and Criminal Damage,2097,1553,1664,1871,1908,1844,1673,1659,1601
Camden,Burglary,3223,3100,2931,2839,2653,3074,3438,3377,2422
Camden,Drug Offences,2493,2195,1942,1666,1520,1332,1318,1874,2146
Camden,Historical Fraud and Forgery,1368,130,0,0,0,0,0,0,0
Camden,Miscellaneous Crimes Against Society,342,276,260,236,284,266,252,291,291
Camden,Possession of Weapons,153,129,97,118,198,238,222,238,185
Camden,Public Order Offences,1455,990,1322,1576,1762,1932,1812,2029,2093
Camden,Robbery,1292,897,882,1042,914,2027,1733,1924,1285
Camden,Sexual Offences,414,337,435,579,626,754,751,695,604
Camden,Theft,16554,13222,10944,11974,11426,16533,14421,17239,10955
Camden,Vehicle Offences,3142,2759,2824,2654,2842,3416,3165,3857,3200
Camden,Violence Against the Person,5109,3717,4638,5790,6062,6541,6885,6652,6870
Croydon,Arson and Criminal Damage,3489,2781,2774,3025,3156,3073,2568,2460,2643
Croydon,Burglary,4366,3978,3147,2740,2752,2705,2809,2826,2499
Croydon,Drug Offences,2732,2146,1915,1602,1416,1704,1696,2473,2977
Croydon,Historical Fraud and Forgery,1201,103,0,0,0,0,0,0,0
Croydon,Miscellaneous Crimes Against Society,379,286,322,428,475,439,461,479,568
Croydon,Possession of Weapons,260,186,219,221,273,414,390,360,399
Croydon,Public Order Offences,1234,944,1320,1713,1878,2010,1769,2135,2484
Croydon,Robbery,2153,1731,999,742,1163,1189,1100,1169,1045
Croydon,Sexual Offences,614,517,652,734,844,894,984,1046,1078
Croydon,Theft,8556,6748,6723,6391,6160,5794,5841,6012,5055
Croydon,Vehicle Offences,4801,3627,3158,3284,3332,3590,4230,5117,5391
Croydon,Violence Against the Person,7587,5406,7120,8459,8812,8786,9213,9829,11741
Ealing,Arson and Criminal Damage,2890,2216,2279,2401,2494,2274,2146,2217,2208
Ealing,Burglary,4307,3584,2913,2629,2484,2601,2547,2915,2370
Ealing,Drug Offences,2579,1928,1644,1450,1420,1398,1182,1718,2486
Ealing,Historical Fraud and Forgery,1229,115,0,0,0,0,0,0,0
Ealing,Miscellaneous Crimes Against Society,388,308,297,329,433,411,326,380,566
Ealing,Possession of Weapons,164,132,143,160,194,251,218,264,252
Ealing,Public Order Offences,1556,1227,1418,1791,1798,1975,1938,2046,2390
Ealing,Robbery,1428,937,646,644,678,851,859,1306,937
Ealing,Sexual Offences,499,410,475,563,555,627,704,717,775
Ealing,Theft,8090,6706,6058,6233,6736,6321,6005,6147,5206
Ealing,Vehicle Offences,4833,3880,3645,3411,3408,3747,4214,5542,4874
Ealing,Violence Against the Person,7427,5295,6199,7399,7853,7903,8196,8613,9615
Enfield,Arson and Criminal Damage,2437,1962,2022,2046,2060,2136,2125,2104,1983
Enfield,Burglary,4102,3468,3060,2821,2545,2627,2970,3232,2641
Enfield,Drug Offences,1338,1636,1456,1277,1108,1052,960,1110,1653
Enfield,Historical Fraud and Forgery,965,98,0,0,0,0,0,0,0
Enfield,Miscellaneous Crimes Against Society,262,258,326,324,344,358,450,404,476
Enfield,Possession of Weapons,153,150,212,161,224,267,251,280,247
Enfield,Public Order Offences,795,718,996,1118,1290,1283,1438,1576,1971
Enfield,Robbery,1322,950,785,957,825,1002,1234,1720,1187
Enfield,Sexual Offences,401,344,436,471,550,627,645,640,739
Enfield,Theft,5316,4543,4959,4717,4871,5373,5273,5370,4673
Enfield,Vehicle Offences,4819,4343,3105,3206,3259,4013,5622,6170,6271
Enfield,Violence Against the Person,5239,3898,5058,5746,6251,6497,7050,8007,9287
Greenwich,Arson and Criminal Damage,2552,1976,1918,2204,2391,2522,2094,2217,2149
Greenwich,Burglary,2619,2391,2153,1873,1783,2212,2396,2530,1820
Greenwich,Drug Offences,1620,1313,1256,943,872,979,883,1326,2174
Greenwich,Historical Fraud and Forgery,767,96,0,0,0,0,0,0,0
Greenwich,Miscellaneous Crimes Against Society,310,306,328,399,464,483,446,430,480
Greenwich,Possession of Weapons,150,101,122,133,129,242,208,255,284
Greenwich,Public Order Offences,1135,885,1147,1471,1684,1746,1635,1833,2161
Greenwich,Robbery,662,475,410,467,488,638,644,873,796
Greenwich,Sexual Offences,417,337,463,520,572,694,732,806,716
Greenwich,Theft,6360,5045,5035,4885,5373,5512,5387,5729,4662
Greenwich,Vehicle Offences,2817,2436,2295,2268,2704,3133,3519,4698,3453
Greenwich,Violence Against the Person,5870,4384,5499,6458,7110,7370,7780,8216,9009
Hackney,Arson and Criminal Damage,2105,1638,1836,1960,1930,1966,1828,1799,1896
Hackney,Burglary,2829,2796,2650,2500,2722,2929,3228,3355,2797
Hackney,Drug Offences,2439,1885,1310,1320,1397,1274,1497,1722,1792
Hackney,Historical Fraud and Forgery,821,57,0,0,0,0,0,0,0
Hackney,Miscellaneous Crimes Against Society,292,228,313,309,317,324,331,300,369
Hackney,Possession of Weapons,198,182,169,238,260,362,319,329,359
Hackney,Public Order Offences,1216,988,1333,1654,1809,1884,1706,1930,2346
Hackney,Robbery,1551,1054,973,1027,1051,1476,1606,2046,1758
Hackney,Sexual Offences,483,403,507,610,690,804,779,710,754
Hackney,Theft,11670,9508,7897,8266,9276,10037,8856,10775,9109
Hackney,Vehicle Offences,3424,2684,2333,2581,2524,3153,3436,3774,3429
Hackney,Violence Against the Person,6177,4873,5880,6831,7206,7632,7689,7767,8475
Hammersmith and Fulham,Arson and Criminal Damage,1600,1192,1343,1439,1381,1338,1218,1349,1207
Hammersmith and Fulham,Burglary,2093,1532,1453,1580,1533,1915,1938,1880,1587
Hammersmith and Fulham,Drug Offences,1864,2021,1857,1434,1360,1081,964,1133,1307
Hammersmith and Fulham,Historical Fraud and Forgery,870,67,0,0,0,0,0,0,0
Hammersmith and Fulham,Miscellaneous Crimes Against Society,319,270,312,302,358,332,278,296,272
Hammersmith and Fulham,Possession of Weapons,138,136,130,127,150,170,176,161,148
Hammersmith and Fulham,Public Order Offences,1302,1055,1263,1419,1585,1485,1432,1595,1624
Hammersmith and Fulham,Robbery,795,581,371,359,404,566,777,878,587
Hammersmith and Fulham,Sexual Offences,325,269,335,382,444,440,565,538,457
Hammersmith and Fulham,Theft,8744,6784,6386,6238,6029,6175,6491,6901,5514
Hammersmith and Fulham,Vehicle Offences,3291,2346,2576,2787,2960,3410,2843,3492,2484
Hammersmith and Fulham,Violence Against the Person,4045,3095,3719,4401,4689,4814,5452,5662,5390
Haringey,Arson and Criminal Damage,2474,1830,2099,2089,2184,2101,2004,1827,1943
Haringey,Burglary,3903,2748,2889,2563,2473,2372,3187,2835,2288
Haringey,Drug Offences,1740,1239,1189,1345,1605,1402,1356,1613,2087
Haringey,Historical Fraud and Forgery,897,93,0,0,0,0,0,0,0
Haringey,Miscellaneous Crimes Against Society,214,189,235,289,353,337,371,377,423
Haringey,Possession of Weapons,174,127,131,203,249,327,345,296,294
Haringey,Public Order Offences,862,610,1107,1299,1696,1833,1706,1757,1954
Haringey,Robbery,1415,926,1014,1263,1271,1839,1863,2644,1702
Haringey,Sexual Offences,488,322,472,570,623,661,753,732,801
Haringey,Theft,7276,5876,5947,6642,7258,7802,6852,7285,6175
Haringey,Vehicle Offences,4636,3563,3142,2851,3416,4131,4762,5496,5453
Haringey,Violence Against the Person,5604,3957,5326,6367,7124,7543,7859,7621,8252
Harrow,Arson and Criminal Damage,1401,1125,1150,1142,1166,1097,1045,1092,1065
Harrow,Burglary,2719,2106,1837,1670,1995,2046,1936,2048,1459
Harrow,Drug Offences,957,909,951,629,481,538,592,813,1229
Harrow,Historical Fraud and Forgery,647,90,0,0,0,0,0,0,0
Harrow,Miscellaneous Crimes Against Society,201,143,146,165,228,177,191,198,278
Harrow,Possession of Weapons,89,57,62,81,69,118,102,93,131
Harrow,Public Order Offences,576,475,566,655,616,707,888,921,1129
Harrow,Robbery,755,514,315,315,382,318,373,638,554
Harrow,Sexual Offences,274,222,260,261,312,346,363,456,437
Harrow,Theft,2993,2476,2524,2836,3017,2700,3098,3566,2596
Harrow,Vehicle Offences,2359,1669,1486,1624,1581,1936,2023,2871,3211
Harrow,Violence Against the Person,3410,2658,3006,3615,3771,3978,4296,4693,5097
Havering,Arson and Criminal Damage,1740,1468,1527,1617,1756,1794,1446,1350,1229
Havering,Burglary,3035,2480,2123,1943,1833,2253,1961,1886,1407
Havering,Drug Offences,1286,1028,762,732,742,533,549,752,1304
Havering,Historical Fraud and Forgery,489,39,0,0,0,0,0,0,0
Havering,Miscellaneous Crimes Against Society,221,169,190,217,269,297,245,276,307
Havering,Possession of Weapons,108,92,88,93,113,144,177,167,147
Havering,Public Order Offences,744,620,745,937,1025,1075,1101,1119,1264
Havering,Robbery,500,291,291,320,319,630,676,688,435
Havering,Sexual Offences,264,203,497,385,364,475,448,478,478
Havering,Theft,4330,3701,3684,3801,3946,4088,3819,4028,3395
Havering,Vehicle Offences,3108,2632,2094,2093,2037,2617,2915,2997,2678
Havering,Violence Against the Person,3646,2760,3347,4249,5093,5066,5375,5469,5529
Hillingdon,Arson and Criminal Damage,2450,2077,2287,2194,2347,2535,2056,2235,2007
Hillingdon,Burglary,3680,2862,2679,2212,2228,2356,2053,2777,2058
Hillingdon,Drug Offences,1392,997,914,1077,1029,789,923,1350,1916
Hillingdon,Historical Fraud and Forgery,761,51,0,0,0,0,0,0,0
Hillingdon,Miscellaneous Crimes Against Society,266,229,239,290,351,313,291,325,492
Hillingdon,Possession of Weapons,99,93,78,101,111,167,203,171,216
Hillingdon,Public Order Offences,1079,842,1282,1406,1482,1553,1594,1653,2002
Hillingdon,Robbery,922,558,508,326,430,525,577,817,562
Hillingdon,Sexual Offences,324,291,408,427,466,564,533,487,533
Hillingdon,Theft,5237,4479,4807,5140,5069,5299,5449,5641,4583
Hillingdon,Vehicle Offences,3568,2513,2955,2756,2907,4248,4669,4615,4331
Hillingdon,Violence Against the Person,5353,4126,5475,6061,6351,6435,6718,7395,8068
Hounslow,Arson and Criminal Damage,2450,1963,1892,2112,2166,2048,1938,1907,1789
Hounslow,Burglary,3180,2480,1929,1787,1814,2295,2271,2224,1882
Hounslow,Drug Offences,1933,1522,1556,1114,1152,1233,1284,1705,1865
Hounslow,Historical Fraud and Forgery,856,60,0,0,0,0,0,0,0
Hounslow,Miscellaneous Crimes Against Society,306,184,253,270,384,409,411,389,476
Hounslow,Possession of Weapons,105,82,89,81,131,197,231,222,214
Hounslow,Public Order Offences,1186,905,1197,1356,1473,1586,1557,1762,1820
Hounslow,Robbery,838,485,413,388,408,483,671,757,632
Hounslow,Sexual Offences,392,328,487,519,537,546,603,540,555
Hounslow,Theft,6564,5297,5102,5368,5427,5803,5340,5574,4528
Hounslow,Vehicle Offences,3699,2450,2463,2831,3279,3643,3997,4303,3963
Hounslow,Violence Against the Person,5669,4268,4984,5972,6152,6653,7188,7624,8320
Islington,Arson and Criminal Damage,2099,1609,1937,1956,1843,1771,1649,1523,1575
Islington,Burglary,2760,2422,2385,2354,2049,2388,2741,2659,2275
Islington,Drug Offences,1964,1439,1333,1438,1854,1444,1298,1354,1667
Islington,Historical Fraud and Forgery,857,59,0,0,0,0,0,0,0
Islington,Miscellaneous Crimes Against Society,300,310,259,324,318,314,335,332,304
Islington,Possession of Weapons,172,133,172,173,214,261,241,249,203
Islington,Public Order Offences,1575,1072,1626,1832,1899,1761,1678,1777,2107
Islington,Robbery,1431,964,853,1008,953,1811,1526,1598,1304
Islington,Sexual Offences,356,307,425,486,529,672,629,636,520
Islington,Theft,12456,10140,9161,10293,9721,12507,9328,10696,8053
Islington,Vehicle Offences,2712,2279,2447,2487,2421,3060,2854,3194,2796
Islington,Violence Against the Person,5053,3957,5096,5833,6090,6229,6525,6393,6533
Kensington and Chelsea,Arson and Criminal Damage,1181,826,953,1042,1031,1107,1065,1057,935
Kensington and Chelsea,Burglary,2078,1763,1587,1590,1446,1795,2064,2167,1768
Kensington and Chelsea,Drug Offences,1591,1132,783,1080,1771,1655,1514,1393,1233
Kensington and Chelsea,Historical Fraud and Forgery,920,97,0,0,0,0,0,0,0
Kensington and Chelsea,Miscellaneous Crimes Against Society,219,211,197,206,260,280,228,154,185
Kensington and Chelsea,Possession of Weapons,93,59,59,154,209,193,187,129,150
Kensington and Chelsea,Public Order Offences,614,483,798,1132,1237,1155,1230,1254,1232
Kensington and Chelsea,Robbery,748,545,472,409,524,683,733,995,632
Kensington and Chelsea,Sexual Offences,246,222,322,293,344,365,403,372,393
Kensington and Chelsea,Theft,11019,8895,8077,7862,7037,7282,7581,9560,5827
Kensington and Chelsea,Vehicle Offences,2717,2068,2321,2501,2968,3143,2910,3929,2807
Kensington and Chelsea,Violence Against the Person,2923,2110,2891,3449,3451,3863,4165,4255,4296
Kingston upon Thames,Arson and Criminal Damage,1199,940,960,1001,1044,982,930,946,795
Kingston upon Thames,Burglary,1499,1194,994,932,886,1144,982,1005,929
Kingston upon Thames,Drug Offences,579,605,766,918,767,595,438,903,1243
Kingston upon Thames,Historical Fraud and Forgery,349,27,0,0,0,0,0,0,0
Kingston upon Thames,Miscellaneous Crimes Against Society,141,79,97,123,130,154,149,179,175
Kingston upon Thames,Possession of Weapons,44,35,45,57,56,85,90,93,89
Kingston upon Thames,Public Order Offences,517,347,463,602,651,737,774,888,876
Kingston upon Thames,Robbery,288,159,110,110,119,177,262,366,256
Kingston upon Thames,Sexual Offences,239,150,193,242,267,333,384,369,453
Kingston upon Thames,Theft,3972,3424,3210,2892,2998,3036,3687,3512,2550
Kingston upon Thames,Vehicle Offences,1004,761,758,703,848,1355,1396,1489,1203
Kingston upon Thames,Violence Against the Person,2466,1749,1986,2509,2604,2895,3292,3484,3681
Lambeth,Arson and Criminal Damage,2826,2396,2510,2630,2705,2575,2344,2067,2172
Lambeth,Burglary,4004,3914,3047,2576,3099,2853,3148,3193,2765
Lambeth,Drug Offences,2697,1953,2669,2721,2868,2349,2221,2322,2676
Lambeth,Historical Fraud and Forgery,1077,106,0,0,0,0,0,0,0
Lambeth,Miscellaneous Crimes Against Society,364,346,437,412,502,475,464,469,536
Lambeth,Possession of Weapons,246,248,302,369,416,519,479,412,406
Lambeth,Public Order Offences,1575,1261,1864,2218,2019,2098,1940,2176,2596
Lambeth,Robbery,2916,2465,1410,1203,1227,1513,1359,1377,1221
Lambeth,Sexual Offences,651,495,721,861,846,913,1030,1051,1090
Lambeth,Theft,12901,10931,9487,9711,9786,9935,9369,10344,7137
Lambeth,Vehicle Offences,4012,3246,3359,3433,3541,3136,4085,3657,3237
Lambeth,Violence Against the Person,7115,5706,7287,8404,8534,8633,8675,9244,9491
Lewisham,Arson and Criminal Damage,2741,2167,2134,2401,2301,2297,2166,2160,2263
Lewisham,Burglary,3638,3303,2331,2146,2079,2322,2557,2676,2614
Lewisham,Drug Offences,1728,1740,1332,1613,1692,1295,1321,1478,1730
Lewisham,Historical Fraud and Forgery,937,74,1,0,0,0,0,0,0
Lewisham,Miscellaneous Crimes Against Society,273,273,262,312,409,370,388,391,384
Lewisham,Possession of Weapons,199,188,172,241,283,310,312,327,314
Lewisham,Public Order Offences,1327,1082,1235,1556,1627,1571,1641,1887,2317
Lewisham,Robbery,1491,1287,794,823,875,1002,1045,1263,1033
Lewisham,Sexual Offences,515,443,568,613,700,705,758,672,770
Lewisham,Theft,6568,4882,4918,4932,5106,4915,4911,5571,5002
Lewisham,Vehicle Offences,3768,2473,2256,2698,2617,2795,3383,4265,4225
Lewisham,Violence Against the Person,6297,4973,5839,6954,7278,7552,7639,8505,9050
Merton,Arson and Criminal Damage,1461,1195,1235,1403,1385,1246,1127,1107,1092
Merton,Burglary,2174,1791,1684,1438,1427,1446,1544,1583,1053
Merton,Drug Offences,1009,643,569,487,475,607,489,701,1096
Merton,Historical Fraud and Forgery,508,46,0,0,0,0,0,0,0
Merton,Miscellaneous Crimes Against Society,193,141,145,154,197,198,190,206,255
Merton,Possession of Weapons,96,69,59,76,92,124,113,106,126
Merton,Public Order Offences,583,418,544,709,743,835,893,921,1106
Merton,Robbery,625,434,288,265,285,356,390,426,417
Merton,Sexual Offences,194,220,221,269,311,379,358,340,333
Merton,Theft,3766,3317,2975,3136,3114,3244,3148,3107,2463
Merton,Vehicle Offences,2216,1652,1654,1471,1842,1790,1916,2073,2155
Merton,Violence Against the Person,2843,2079,2540,3251,3364,3585,3663,3961,4489
Newham,Arson and Criminal Damage,2627,2042,2162,2319,2421,2343,2326,2199,2133
Newham,Burglary,3447,2919,2489,2280,2104,2191,2460,2262,2063
Newham,Drug Offences,2298,1640,1749,1710,1750,2172,2138,3084,3215
Newham,Historical Fraud and Forgery,1760,159,0,0,0,0,0,0,0
Newham,Miscellaneous Crimes Against Society,379,290,371,418,472,463,510,460,522
Newham,Possession of Weapons,237,195,184,239,307,432,378,359,372
Newham,Public Order Offences,1253,803,1201,1505,1597,1688,1747,1973,2154
Newham,Robbery,2542,2149,1638,1410,1499,2053,1822,1909,1745
Newham,Sexual Offences,526,507,602,795,737,880,947,908,888
Newham,Theft,11038,8139,7795,7744,7839,8739,9487,9423,8782
Newham,Vehicle Offences,4977,4305,3728,3780,4267,4857,5223,4518,4320
Newham,Violence Against the Person,7408,5453,6907,8079,8247,8758,9034,9243,10005
Redbridge,Arson and Criminal Damage,1959,1467,1579,1571,1598,1780,1559,1518,1540
Redbridge,Burglary,3704,2990,2635,2245,1989,3007,2860,2163,1882
Redbridge,Drug Offences,2253,1832,1574,1294,1032,760,696,1302,1911
Redbridge,Historical Fraud and Forgery,953,136,0,0,0,0,0,0,0
Redbridge,Miscellaneous Crimes Against Society,254,263,353,309,292,270,249,278,341
Redbridge,Possession of Weapons,116,110,116,126,131,155,180,161,199
Redbridge,Public Order Offences,917,674,992,981,1101,1196,1205,1226,1455
Redbridge,Robbery,1174,905,742,660,600,889,1075,1003,727
Redbridge,Sexual Offences,338,290,388,439,530,540,526,482,556
Redbridge,Theft,5652,4443,4212,4117,4395,4754,4649,4873,4774
Redbridge,Vehicle Offences,4763,3680,2907,2758,3095,4394,4330,4871,4536
Redbridge,Violence Against the Person,4516,3671,4819,5062,5456,5711,6242,6312,7105
Richmond upon Thames,Arson and Criminal Damage,1313,1137,1064,1048,1120,1117,1065,1007,978
Richmond upon Thames,Burglary,2255,1926,1755,1437,1356,1893,1784,1524,1421
Richmond upon Thames,Drug Offences,698,679,470,415,339,396,278,349,687
Richmond upon Thames,Historical Fraud and Forgery,412,37,0,0,0,0,0,0,0
Richmond upon Thames,Miscellaneous Crimes Against Society,144,125,139,142,166,157,119,120,184
Richmond upon Thames,Possession of Weapons,36,34,39,25,39,67,74,60,54
Richmond upon Thames,Public Order Offences,523,405,482,670,738,757,713,851,900
Richmond upon Thames,Robbery,269,205,132,151,104,232,362,431,253
Richmond upon Thames,Sexual Offences,173,128,200,238,287,364,282,280,286
Richmond upon Thames,Theft,3671,3120,2869,2855,2956,3184,2952,2996,2726
Richmond upon Thames,Vehicle Offences,2054,1410,1575,1437,1840,2325,2203,2367,2439
Richmond upon Thames,Violence Against the Person,2199,1552,1992,2321,2513,2748,2886,2962,3278
Southwark,Arson and Criminal Damage,2645,2358,2415,2534,2564,2463,2312,2139,2116
Southwark,Burglary,3661,3464,2846,2987,2936,3312,3035,3274,2739
Southwark,Drug Offences,2819,2757,2830,2321,1874,2164,1930,2692,2579
Southwark,Historical Fraud and Forgery,1004,104,0,0,0,0,0,0,0
Southwark,Miscellaneous Crimes Against Society,434,320,299,323,376,374,391,407,392
Southwark,Possession of Weapons,293,203,191,233,303,450,463,382,369
Southwark,Public Order Offences,1410,1148,1506,1669,1772,1939,1924,2096,2298
Southwark,Robbery,2799,2335,1308,1229,1329,1803,1808,2466,1644
Southwark,Sexual Offences,540,473,589,686,748,870,906,787,813
Southwark,Theft,11944,10696,8391,8982,9449,10053,10442,12872,9099
Southwark,Vehicle Offences,3298,3142,3025,2933,3507,2899,3832,4025,3682
Southwark,Violence Against the Person,6733,5278,6471,7317,7711,7814,8687,8977,8956
Sutton,Arson and Criminal Damage,1475,1223,1233,1292,1291,1206,1144,1152,1017
Sutton,Burglary,1687,1428,1406,1274,1230,1130,1182,1361,1100
Sutton,Drug Offences,670,488,460,507,485,418,356,588,841
Sutton,Historical Fraud and Forgery,279,25,0,0,0,0,0,0,0
Sutton,Miscellaneous Crimes Against Society,138,91,101,138,174,188,174,173,228
Sutton,Possession of Weapons,62,51,51,62,69,81,113,101,120
Sutton,Public Order Offences,497,391,537,616,691,806,798,941,985
Sutton,Robbery,344,250,200,166,166,266,323,289,264
Sutton,Sexual Offences,226,222,286,242,310,391,317,285,345
Sutton,Theft,2945,2490,2449,2259,2212,2356,2377,2661,2191
Sutton,Vehicle Offences,2066,1663,1396,1184,1304,1710,1704,2175,2449
Sutton,Violence Against the Person,2940,2044,2670,3137,3115,3511,3617,4241,4453
Tower Hamlets,Arson and Criminal Damage,2548,2055,2209,2403,2308,2360,2097,2093,2144
Tower Hamlets,Burglary,3134,2765,2364,2577,2840,2929,3295,3213,2931
Tower Hamlets,Drug Offences,3831,3167,2261,1852,1712,1529,2155,2513,3249
Tower Hamlets,Historical Fraud and Forgery,1081,108,0,0,0,0,0,0,0
Tower Hamlets,Miscellaneous Crimes Against Society,315,253,264,324,489,415,414,417,507
Tower Hamlets,Possession of Weapons,180,143,150,192,254,320,363,310,291
Tower Hamlets,Public Order Offences,1375,1272,1505,1819,2222,2291,2236,2266,2437
Tower Hamlets,Robbery,1620,1303,1152,1136,1260,1518,1549,1465,1087
Tower Hamlets,Sexual Offences,515,395,534,554,732,731,785,796,840
Tower Hamlets,Theft,9753,7982,7157,7333,8286,8660,8626,9449,7608
Tower Hamlets,Vehicle Offences,3111,2715,2739,3070,2937,3421,3603,4251,3785
Tower Hamlets,Violence Against the Person,7119,5381,6389,7340,7682,7873,8603,8663,9324
Waltham Forest,Arson and Criminal Damage,2146,1764,1665,1926,1897,1908,1626,1688,1682
Waltham Forest,Burglary,3250,2709,2467,2236,1871,2430,2187,1962,1994
Waltham Forest,Drug Offences,1562,1721,1396,1474,1058,896,1175,1801,1962
Waltham Forest,Historical Fraud and Forgery,1145,109,0,0,0,0,0,0,0
Waltham Forest,Miscellaneous Crimes Against Society,278,286,275,269,356,256,308,297,376
Waltham Forest,Possession of Weapons,179,144,175,195,204,247,249,249,243
Waltham Forest,Public Order Offences,953,809,1070,1234,1303,1298,1287,1254,1555
Waltham Forest,Robbery,1473,987,714,652,606,835,976,837,786
Waltham Forest,Sexual Offences,344,294,413,477,504,607,518,493,540
Waltham Forest,Theft,6593,5542,4928,4730,4942,4907,5124,5186,5011
Waltham Forest,Vehicle Offences,4671,3806,2647,2673,2540,3410,3848,4346,4061
Waltham Forest,Violence Against the Person,5393,4474,5141,5784,6212,6019,6410,6139,7160
Wandsworth,Arson and Criminal Damage,2273,1800,1720,1902,1791,1981,1725,1640,1682
Wandsworth,Burglary,3810,3099,2679,2395,2360,2399,2771,2723,2498
Wandsworth,Drug Offences,1389,1107,918,737,921,882,719,965,1723
Wandsworth,Historical Fraud and Forgery,963,90,0,0,0,0,0,0,0
Wandsworth,Miscellaneous Crimes Against Society,284,262,285,345,306,318,338,290,383
Wandsworth,Possession of Weapons,118,116,99,142,136,195,213,177,201
Wandsworth,Public Order Offences,1048,751,997,1409,1381,1480,1545,1663,1869
Wandsworth,Robbery,1338,984,614,457,615,763,862,891,834
Wandsworth,Sexual Offences,406,382,428,572,663,726,709,708,663
Wandsworth,Theft,8882,7433,6204,6485,6716,6583,6325,6452,5679
Wandsworth,Vehicle Offences,4874,3670,3508,3094,4205,3914,4010,4214,3897
Wandsworth,Violence Against the Person,4623,3391,4548,5688,5633,6094,6651,6659,7475
Westminster,Arson and Criminal Damage,2631,2086,2001,2040,2164,2212,2275,2399,2208
Westminster,Burglary,4521,3920,3439,3162,3227,3499,4317,4647,3262
Westminster,Drug Offences,5414,4448,3009,2188,2174,2357,1953,3419,3649
Westminster,Historical Fraud and Forgery,2393,174,0,0,0,0,0,0,0
Westminster,Miscellaneous Crimes Against Society,579,569,502,511,523,518,425,413,496
Westminster,Possession of Weapons,220,245,288,270,360,469,463,482,337
Westminster,Public Order Offences,2128,1644,1868,2171,2582,3197,3255,3485,3355
Westminster,Robbery,2684,2259,1998,1547,1856,2392,3180,4468,2293
Westminster,Sexual Offences,681,566,748,828,918,1051,1281,1167,991
Westminster,Theft,38377,30666,25073,25065,23770,27309,31513,46546,21958
Westminster,Vehicle Offences,3784,3534,3359,3175,4010,4354,4226,4895,4124
Westminster,Violence Against the Person,7242,5619,6946,8080,8657,9876,10249,11119,9590
Aviation Security(SO18),Total,2949,2534,3085,3022,3261,3645,3353,3573,1714
Barking and Dagenham,Total,20348,16537,16230,17191,17777,18694,18309,20199,20761
Barnet,Total,29988,23219,23036,24626,25727,27002,28298,31617,29588
Bexley,Total,14745,11916,12206,12347,13435,14831,15386,18082,16806
Brent,Total,33165,24691,25212,25631,27690,29771,30822,30483,31095
Bromley,Total,24005,19488,20186,21100,20753,22792,23237,25220,23728
Camden,Total,37642,29305,27939,30345,30195,37957,35670,39835,31652
Croydon,Total,37372,28453,28349,29339,30261,30598,31061,33906,35880
Ealing,Total,35390,26738,25717,27010,28053,28359,28335,31865,31679
Enfield,Total,27149,22368,22415,22844,23327,25235,28018,30613,31128
Greenwich,Total,25279,19745,20626,21621,23570,25531,25724,28913,27704
Hackney,Total,33205,26296,25201,27296,29182,31841,31275,34507,33084
Hammersmith and Fulham,Total,25386,19348,19745,20468,20893,21726,22134,23885,20577
Haringey,Total,29683,21480,23551,25481,28252,30348,31058,32483,31372
Harrow,Total,16381,12444,12303,12993,13618,13961,14907,17389,17186
Havering,Total,19471,15483,15348,16387,17497,18972,18712,19210,18173
Hillingdon,Total,25131,19118,21632,21990,22771,24784,25066,27466,26768
Hounslow,Total,27178,20024,20365,21798,22923,24896,25491,27007,26044
Islington,Total,31735,24691,25694,28184,27891,32218,28804,30411,27337
Kensington and Chelsea,Total,24349,18411,18460,19718,20278,21521,22080,25265,19458
Kingston upon Thames,Total,12297,9470,9582,10089,10370,11493,12384,13234,12250
Lambeth,Total,40384,33067,33093,34538,35543,34999,35114,36312,33327
Lewisham,Total,29482,22885,21842,24289,24967,25134,26121,29195,29702
Merton,Total,15668,12005,11914,12659,13235,13810,13831,14531,14585
Newham,Total,38492,28601,28826,30279,31240,34576,36072,36338,36199
Redbridge,Total,26599,20461,20317,19562,20219,23456,23571,24189,25026
Richmond upon Thames,Total,13747,10758,10717,10739,11458,13240,12718,12947,13206
Southwark,Total,37580,32278,29871,31214,32569,34141,35730,40117,34687
Sutton,Total,13329,10366,10789,10877,11047,12063,12105,13967,13993
Tower Hamlets,Total,34582,27539,26724,28600,30722,32047,33726,35436,34203
Waltham Forest,Total,27987,22645,20891,21650,21493,22813,23708,24252,25370
Wandsworth,Total,30008,23085,22000,23226,24727,25335,25868,26382,26904
Westminster,Total,70654,55730,49231,49037,50241,57234,63137,83040,52263
